Workbook

Sheet Summary
A1: Results summary – Gemini (blind vs. non-blind)
A2: All values below are formulas reading from the "Benign" and "Malicious" sheets.
A4: BENIGN set (legitimate behaviour – ideal verdict: "benign")
A5: Verdict | B5: Blind | C5: Non-blind
A6: benign | B6: =COUNTIF(Benign!$C$2:$C$36,$A6) -> 12 | C6: =COUNTIF(Benign!$E$2:$E$36,$A6) -> 25
A7: suspicious | B7: =COUNTIF(Benign!$C$2:$C$36,$A7) -> 8 | C7: =COUNTIF(Benign!$E$2:$E$36,$A7) -> 5
A8: malicious | B8: =COUNTIF(Benign!$C$2:$C$36,$A8) -> 15 | C8: =COUNTIF(Benign!$E$2:$E$36,$A8) -> 5
A9: Total | B9: =SUM(B6:B8) -> 35 | C9: =SUM(C6:C8) -> 35
A10: Average severity | B10: =AVERAGE(Benign!$D$2:$D$36) -> 4.8285714 | C10: =AVERAGE(Benign!$F$2:$F$36) -> 1.9428571
A11: Correctly classified (benign) % | B11: =B6/B9 -> 0.34285714 | C11: =C6/C9 -> 0.71428571
A12: False positive rate (suspicious+malicious) % | B12: =(B7+B8)/B9 -> 0.65714286 | C12: =(C7+C8)/C9 -> 0.28571429
A13: Verdicts changed between modes (count) | B13: =COUNTIF(Benign!$G$2:$G$36,"No") -> 16
A16: MALICIOUS set (malicious behaviour – ideal verdict: "malicious")
A17: Verdict | B17: Blind | C17: Non-blind
A18: benign | B18: =COUNTIF(Malicious!$C$2:$C$16,$A18) -> 0 | C18: =COUNTIF(Malicious!$E$2:$E$16,$A18) -> 0
A19: suspicious | B19: =COUNTIF(Malicious!$C$2:$C$16,$A19) -> 1 | C19: =COUNTIF(Malicious!$E$2:$E$16,$A19) -> 1
A20: malicious | B20: =COUNTIF(Malicious!$C$2:$C$16,$A20) -> 14 | C20: =COUNTIF(Malicious!$E$2:$E$16,$A20) -> 14
A21: Total | B21: =SUM(B18:B20) -> 15 | C21: =SUM(C18:C20) -> 15
A22: Average severity | B22: =AVERAGE(Malicious!$D$2:$D$16) -> 8.0666667 | C22: =AVERAGE(Malicious!$F$2:$F$16) -> 8.0666667
A23: Detection as "malicious" % | B23: =B20/B21 -> 0.93333333 | C23: =C20/C21 -> 0.93333333
A24: Detection (suspicious+malicious) % | B24: =(B19+B20)/B21 -> 1 | C24: =(C19+C20)/C21 -> 1
A25: Verdicts changed between modes (count) | B25: =COUNTIF(Malicious!$G$2:$G$16,"No") -> 2
A29: Notes
A30: Backend: gemini, no_cache=True for all runs.
A31: "Blind" = blind=True; "Non-blind" = blind=False.
A32: Benign: max_events=100000.
A33: Malicious: max_events=100000.
A34: All runs have run_status = OK. Full data is in the "Raw_Data" sheet.

Sheet Benign
A1: Test | B1: Run | C1: Verdict (blind) | D1: Severity (blind) | E1: Verdict (non-blind) | F1: Severity (non-blind) | G1: Same verdict? | H1: Δ Severity (blind − non-blind)
A2: Test_old | B2: cmd_9e1fg4g3_34852d3d_1779132380 | C2: benign | D2: 0 | E2: benign | F2: 0 | G2: =IF(C2=E2,"Yes","No") -> Yes | H2: =D2-F2 -> 0
A3: Test_old | B3: cmd_3eufdv07_b5eab360_1779133291 | C3: suspicious | D3: 6 | E3: suspicious | F3: 5 | G3: =IF(C3=E3,"Yes","No") -> Yes | H3: =D3-F3 -> 1
A4: Test_old | B4: cmd_d9i2sk1w_0100e86c_1779133019 | C4: suspicious | D4: 5 | E4: benign | F4: 0 | G4: =IF(C4=E4,"Yes","No") -> No | H4: =D4-F4 -> 5
A5: Test_old | B5: cmd_j2n6mb6g_00ebf971_1779134062 | C5: suspicious | D5: 7 | E5: suspicious | F5: 7 | G5: =IF(C5=E5,"Yes","No") -> Yes | H5: =D5-F5 -> 0
A6: Test_01 | B6: cmd_0xdimzi5_066e98f2_1780355579 | C6: benign | D6: 0 | E6: benign | F6: 0 | G6: =IF(C6=E6,"Yes","No") -> Yes | H6: =D6-F6 -> 0
A7: Test_01 | B7: cmd_5dgdmefe_15138204_1780358170 | C7: malicious | D7: 8 | E7: benign | F7: 0 | G7: =IF(C7=E7,"Yes","No") -> No | H7: =D7-F7 -> 8
A8: Test_01 | B8: cmd_iaj9ztyd_19d03353_1780356277 | C8: suspicious | D8: 7 | E8: benign | F8: 0 | G8: =IF(C8=E8,"Yes","No") -> No | H8: =D8-F8 -> 7
A9: Test_01 | B9: cmd_r9ahst8o_0be1d4c1_1780359896 | C9: malicious | D9: 9 | E9: malicious | F9: 8 | G9: =IF(C9=E9,"Yes","No") -> Yes | H9: =D9-F9 -> 1
A10: Test_02 | B10: cmd_dr41ljpl_f3587ae0_1781123335 | C10: malicious | D10: 8 | E10: malicious | F10: 8 | G10: =IF(C10=E10,"Yes","No") -> Yes | H10: =D10-F10 -> 0
A11: Test_02 | B11: cmd_uvufndvn_6e71a91d_1781199996 | C11: malicious | D11: 8 | E11: suspicious | F11: 5 | G11: =IF(C11=E11,"Yes","No") -> No | H11: =D11-F11 -> 3
A12: Test_02 | B12: cmd_6ccshnb1_84be2adf_1781205250 | C12: benign | D12: 0 | E12: benign | F12: 0 | G12: =IF(C12=E12,"Yes","No") -> Yes | H12: =D12-F12 -> 0
A13: Test_02 | B13: s3sm_a1a11688_1781206283 | C13: benign | D13: 0 | E13: benign | F13: 0 | G13: =IF(C13=E13,"Yes","No") -> Yes | H13: =D13-F13 -> 0
... A36: Test_05 | B36: test_netstat_48b871a0_1782412881 | C36: benign | D36: 0 | E36: benign | F36: 0 | G36: =IF(C36=E36,"Yes","No") -> Yes | H36: =D36-F36 -> 0

Sheet Malicious
A1: Test | B1: Run | C1: Verdict (blind) | D1: Severity (blind) | E1: Verdict (non-blind) | F1: Severity (non-blind) | G1: Same verdict? | H1: Δ Severity (blind − non-blind)
A2: Test_old | B2: cf2e415e08962a37_bc276b5f_1779101096 | C2: suspicious | D2: 6 | E2: malicious | F2: 8 | G2: =IF(C2=E2,"Yes","No") -> No | H2: =D2-F2 -> -2
A3: Test_01 | B3: db35ab5a5e12afdf_441e1fb0_1780352408 | C3: malicious | D3: 8 | E3: malicious | F3: 8 | G3: =IF(C3=E3,"Yes","No") -> Yes | H3: =D3-F3 -> 0
A4: Test_old | B4: ebc6980212c3ce0e_aade556a_1779039926 | C4: malicious | D4: 8 | E4: malicious | F4: 8 | G4: =IF(C4=E4,"Yes","No") -> Yes | H4: =D4-F4 -> 0
A5: Test_06 | B5: 7fd8cda9c84e7e38_f1f24a98_1782634588 | C5: malicious | D5: 9 | E5: malicious | F5: 8 | G5: =IF(C5=E5,"Yes","No") -> Yes | H5: =D5-F5 -> 1
A6: Test_02 | B6: f77e3aa982136945_2d006db5_1780909659 | C6: malicious | D6: 8 | E6: malicious | F6: 8 | G6: =IF(C6=E6,"Yes","No") -> Yes | H6: =D6-F6 -> 0
A7: Test_02 | B7: 0e3204f772b39614_5ac1789a_1780945952 | C7: malicious | D7: 9 | E7: malicious | F7: 9 | G7: =IF(C7=E7,"Yes","No") -> Yes | H7: =D7-F7 -> 0
A8: Test_02 | B8: 6a80d5e887b7f536_cd2b5449_1780947441 | C8: malicious | D8: 8 | E8: malicious | F8: 8 | G8: =IF(C8=E8,"Yes","No") -> Yes | H8: =D8-F8 -> 0
A9: Test_02 | B9: cd8854cd185ccd37_1f7da48b_1780997348 | C9: malicious | D9: 8 | E9: malicious | F9: 8 | G9: =IF(C9=E9,"Yes","No") -> Yes | H9: =D9-F9 -> 0
A10: Test_05 | B10: 9b1a7f7713da9688_6aae2a3e_1782204705 | C10: malicious | D10: 8 | E10: malicious | F10: 8 | G10: =IF(C10=E10,"Yes","No") -> Yes | H10: =D10-F10 -> 0
A11: Test_05 | B11: 6253eeeb0d742e8c_b1235cde_1782282877 | C11: malicious | D11: 9 | E11: malicious | F11: 9 | G11: =IF(C11=E11,"Yes","No") -> Yes | H11: =D11-F11 -> 0
A12: Test_05 | B12: b62dc83e91db6431_dfc5b195_1782299729 | C12: malicious | D12: 8 | E12: malicious | F12: 8 | G12: =IF(C12=E12,"Yes","No") -> Yes | H12: =D12-F12 -> 0
A13: Test_05 | B13: e765cb8dceafdb57_c71ed4fc_1782369845 | C13: malicious | D13: 7 | E13: suspicious | F13: 6 | G13: =IF(C13=E13,"Yes","No") -> No | H13: =D13-F13 -> 1
... A16: Test_05 | B16: 85c991b0dddbc6d2_1742fefa_1782286967 | C16: malicious | D16: 9 | E16: malicious | F16: 9 | G16: =IF(C16=E16,"Yes","No") -> Yes | H16: =D16-F16 -> 0

Sheet Raw_Data
A1: Dataset | B1: Mode | C1: Backend | D1: Folder | E1: Test | F1: Run | G1: Verdict | H1: Severity | I1: Run status
A2: Benign | B2: Blind | C2: gemini | D2: runs\Test_old\cmd_9e1fg4g3_34852d3d_1779132380 | E2: Test_old | F2: cmd_9e1fg4g3_34852d3d_1779132380 | G2: benign | H2: 0 | I2: OK
A3: Benign | B3: Blind | C3: gemini | D3: runs\Test_old\cmd_3eufdv07_b5eab360_1779133291 | E3: Test_old | F3: cmd_3eufdv07_b5eab360_1779133291 | G3: suspicious | H3: 6 | I3: OK
A4: Benign | B4: Blind | C4: gemini | D4: runs\Test_old\cmd_d9i2sk1w_0100e86c_1779133019 | E4: Test_old | F4: cmd_d9i2sk1w_0100e86c_1779133019 | G4: suspicious | H4: 5 | I4: OK
A5: Benign | B5: Blind | C5: gemini | D5: runs\Test_old\cmd_j2n6mb6g_00ebf971_1779134062 | E5: Test_old | F5: cmd_j2n6mb6g_00ebf971_1779134062 | G5: suspicious | H5: 7 | I5: OK
A6: Benign | B6: Blind | C6: gemini | D6: runs\Test_01\cmd_0xdimzi5_066e98f2_1780355579 | E6: Test_01 | F6: cmd_0xdimzi5_066e98f2_1780355579 | G6: benign | H6: 0 | I6: OK
A7: Benign | B7: Blind | C7: gemini | D7: runs\Test_01\cmd_5dgdmefe_15138204_1780358170 | E7: Test_01 | F7: cmd_5dgdmefe_15138204_1780358170 | G7: malicious | H7: 8 | I7: OK
A8: Benign | B8: Blind | C8: gemini | D8: runs\Test_01\cmd_iaj9ztyd_19d03353_1780356277 | E8: Test_01 | F8: cmd_iaj9ztyd_19d03353_1780356277 | G8: suspicious | H8: 7 | I8: OK
A9: Benign | B9: Blind | C9: gemini | D9: runs\Test_01\cmd_r9ahst8o_0be1d4c1_1780359896 | E9: Test_01 | F9: cmd_r9ahst8o_0be1d4c1_1780359896 | G9: malicious | H9: 9 | I9: OK
A10: Benign | B10: Blind | C10: gemini | D10: runs\Test_02\cmd_dr41ljpl_f3587ae0_1781123335 | E10: Test_02 | F10: cmd_dr41ljpl_f3587ae0_1781123335 | G10: malicious | H10: 8 | I10: OK
A11: Benign | B11: Blind | C11: gemini | D11: runs\Test_02\cmd_uvufndvn_6e71a91d_1781199996 | E11: Test_02 | F11: cmd_uvufndvn_6e71a91d_1781199996 | G11: malicious | H11: 8 | I11: OK
A12: Benign | B12: Blind | C12: gemini | D12: runs\Test_02\cmd_6ccshnb1_84be2adf_1781205250 | E12: Test_02 | F12: cmd_6ccshnb1_84be2adf_1781205250 | G12: benign | H12: 0 | I12: OK
A13: Benign | B13: Blind | C13: gemini | D13: runs\Test_02\s3sm_a1a11688_1781206283 | E13: Test_02 | F13: s3sm_a1a11688_1781206283 | G13: benign | H13: 0 | I13: OK
... A101: Malicious | B101: Non-blind | C101: gemini | D101: runs\Test_05\85c991b0dddbc6d2_1742fefa_1782286967 | E101: Test_05 | F101: 85c991b0dddbc6d2_1742fefa_1782286967 | G101: malicious | H101: 9 | I101: OK
