Workbook

Sheet Tests
A1: ID | B1: NAME | C1: SHA256 / RUN ID | D1: TYPE | E1: PIPELINE RESULT Gemini | F1: PIPELINE RESULT Mistral | G1: PIPELINE RESULT Deepseek
A2: M00 | B2: Educational | C2: downloader_a7ad3b03_1780520004 | D2: MALICIOUS | E2: MALICIOUS | F2: MALICIOUS | G2: MALICIOUS
A3: B00 | B3: find /etc -name '*.conf' 2>/dev/nul | C3: cmd_d6bsy7c9_19a22ebc_1779022735 | D3: BENIGN | E3: BENIGN | F3: BENIGN | G3: BENIGN
A5: M01 | B5: Miner | C5: a01e58ce02a7b7fe9e5368878d30ce576d958069b30e952ff68686e2264b3292 | D5: MALICIOUS | E5: MALICIOUS | F5: MALICIOUS | G5: MALICIOUS
A6: M02 | B6: wacatac | C6: ebc6980212c3ce0e09cd4c28dbb651144b6da19918276e713dfab9cd2e9878b3 | D6: MALICIOUS | E6: MALICIOUS | F6: BENIGN | G6: BENIGN
A7: M03 | B7: malgent | C7: 842cd7d0da1546e31b75acb81b84e61e1a5f29b8f8f3f571104a5820fce7cddb | D7: MALICIOUS | E7: MALICIOUS | F7: MALICIOUS | G7: MALICIOUS
A8: M04 | B8: bash | C8: cf2e415e08962a3723b159e40653f9e85c34d2b29376dddbc280aaaafc5b8118 | D8: MALICIOUS | E8: MALICIOUS | F8: BENIGN | G8: MALICIOUS
A9: M05 | B9: malgent | C9: f53f6e6f97618450ca915cfb6b67544d73248291d998ca951acd684a1f38e2b1 | D9: MALICIOUS | E9: MALICIOUS | F9: MALICIOUS | G9: MALICIOUS
A10: M06 | B10: Mirai | C10: 890f9f63dfa80674ded1caae9f88f9b6f0eb98c8ba8bebdf028898294c8f252a | D10: MALICIOUS | E10: MALICIOUS | F10: MALICIOUS | G10: MALICIOUS
A11: M07 | B11: Mirai | C11: 6e972dfd7408b7146a3c9a14357c8d08f4a18947100d93b87bd8ddfe30a635ce | D11: MALICIOUS | E11: MALICIOUS | F11: MALICIOUS | G11: MALICIOUS
A12: M08 | B12: malgent | C12: 54572746f6e54cd006b50c29fd205d88c48a45533398ab6769695298424e08d1 | D12: MALICIOUS | E12: MALICIOUS | F12: MALICIOUS | G12: MALICIOUS
A13: M09 | B13: malgent | C13: 9245867ee34dabb016a7c68c9291ba8266e317d75e781d6ca5e7a6b32804d448 | D13: MALICIOUS | E13: MALICIOUS | F13: MALICIOUS | G13: MALICIOUS
... A157: B74 | B157: localtunnel (lt): test_localtunnel_expose.sh | C157: test_localtunnel_expose_db317dd2_1782568906 | D157: BENIGN | E157: SUSPICIOUS | F157: BENIGN | G157: BENIGN

Sheet Metrics
A1: Gemini
A2: Metric | B2: Count (Suspicious as Malicious) | C2: Count (Suspicious as Benign)
A3: True Positives | B3: =COUNTIFS(Tests!D:D, "MALICIOUS", Tests!E:E, "MALICIOUS") + COUNTIFS(Tests!D:D, "MALICIOUS", Tests!E:E, "SUSPICIOUS") -> 75 | C3: =COUNTIFS(Tests!D:D, "MALICIOUS", Tests!E:E, "MALICIOUS") -> 74
A4: True Negatives | B4: =COUNTIFS(Tests!D:D, "BENIGN", Tests!E:E, "BENIGN") -> 53 | C4: =COUNTIFS(Tests!D:D, "BENIGN", Tests!E:E, "BENIGN") + COUNTIFS(Tests!D:D, "BENIGN", Tests!E:E, "SUSPICIOUS") -> 61
A5: False Positives | B5: =COUNTIFS(Tests!D:D, "BENIGN", Tests!E:E, "MALICIOUS") + COUNTIFS(Tests!D:D, "BENIGN", Tests!E:E, "SUSPICIOUS") -> 22 | C5: =COUNTIFS(Tests!D:D, "BENIGN", Tests!E:E, "MALICIOUS") -> 14
A6: False Negatives | B6: =COUNTIFS(Tests!D:D, "MALICIOUS", Tests!E:E, "BENIGN") -> 0 | C6: =COUNTIFS(Tests!D:D, "MALICIOUS", Tests!E:E, "BENIGN") + COUNTIFS(Tests!D:D, "MALICIOUS", Tests!E:E, "SUSPICIOUS") -> 1
A8: Mistral
A9: Metric | B9: Count (Suspicious as Malicious) | C9: Count (Suspicious as Benign)
A10: True Positives | B10: =COUNTIFS(Tests!D:D, "MALICIOUS", Tests!F:F, "MALICIOUS") + COUNTIFS(Tests!D:D, "MALICIOUS", Tests!F:F, "SUSPICIOUS") -> 71 | C10: =COUNTIFS(Tests!D:D, "MALICIOUS", Tests!F:F, "MALICIOUS") -> 71
A11: True Negatives | B11: =COUNTIFS(Tests!D:D, "BENIGN", Tests!F:F, "BENIGN") -> 65 | C11: =COUNTIFS(Tests!D:D, "BENIGN", Tests!F:F, "BENIGN") + COUNTIFS(Tests!D:D, "BENIGN", Tests!F:F, "SUSPICIOUS") -> 71
A12: False Positives | B12: =COUNTIFS(Tests!D:D, "BENIGN", Tests!F:F, "MALICIOUS") + COUNTIFS(Tests!D:D, "BENIGN", Tests!F:F, "SUSPICIOUS") -> 10 | C12: =COUNTIFS(Tests!D:D, "BENIGN", Tests!F:F, "MALICIOUS") -> 4
A13: False Negatives | B13: =COUNTIFS(Tests!D:D, "MALICIOUS", Tests!F:F, "BENIGN") -> 4 | C13: =COUNTIFS(Tests!D:D, "MALICIOUS", Tests!F:F, "BENIGN") + COUNTIFS(Tests!D:D, "MALICIOUS", Tests!F:F, "SUSPICIOUS") -> 4
A15: Deepseek
A16: Metric | B16: Count (Suspicious as Malicious) | C16: Count (Suspicious as Benign)
A17: True Positives | B17: =COUNTIFS(Tests!D:D, "MALICIOUS", Tests!G:G, "MALICIOUS") + COUNTIFS(Tests!D:D, "MALICIOUS", Tests!G:G, "SUSPICIOUS") -> 73 | C17: =COUNTIFS(Tests!D:D, "MALICIOUS", Tests!G:G, "MALICIOUS") -> 72
A18: True Negatives | B18: =COUNTIFS(Tests!D:D, "BENIGN", Tests!G:G, "BENIGN") -> 71 | C18: =COUNTIFS(Tests!D:D, "BENIGN", Tests!G:G, "BENIGN") + COUNTIFS(Tests!D:D, "BENIGN", Tests!G:G, "SUSPICIOUS") -> 73
A19: False Positives | B19: =COUNTIFS(Tests!D:D, "BENIGN", Tests!G:G, "MALICIOUS") + COUNTIFS(Tests!D:D, "BENIGN", Tests!G:G, "SUSPICIOUS") -> 4 | C19: =COUNTIFS(Tests!D:D, "BENIGN", Tests!G:G, "MALICIOUS") -> 2
A20: False Negatives | B20: =COUNTIFS(Tests!D:D, "MALICIOUS", Tests!G:G, "BENIGN") -> 2 | C20: =COUNTIFS(Tests!D:D, "MALICIOUS", Tests!G:G, "BENIGN") + COUNTIFS(Tests!D:D, "MALICIOUS", Tests!G:G, "SUSPICIOUS") -> 3
A22: Notes
A23: Count (Suspicious as Malicious): SUSPICIOUS verdicts are treated as MALICIOUS.
A24: Count (Suspicious as Benign): SUSPICIOUS verdicts are treated as BENIGN.
A25: "Compared tests only" = rows marked YES in the COMPARE column of the Tests sheet.

Sheet Others
A1: BENIGN samples
A2: Metric | B2: Gemini | D2: Mistral | F2: Deepseek
B3: Count | C3: % | D3: Count | E3: % | F3: Count | G3: %
A4: Total BENIGN tests | B4: =COUNTIF(Tests!$D:$D,"BENIGN") -> 75 | C4: =IF(B$4=0,0,B4/B$4) -> 1 | D4: =COUNTIF(Tests!$D:$D,"BENIGN") -> 75 | E4: =IF(D$4=0,0,D4/D$4) -> 1 | F4: =COUNTIF(Tests!$D:$D,"BENIGN") -> 75 | G4: =IF(F$4=0,0,F4/F$4) -> 1
A5: Correctly flagged (as BENIGN) | B5: =COUNTIFS(Tests!$D:$D,"BENIGN",Tests!$E:$E,"BENIGN") -> 53 | C5: =IF(B$4=0,0,B5/B$4) -> 0.70666667 | D5: =COUNTIFS(Tests!$D:$D,"BENIGN",Tests!$F:$F,"BENIGN") -> 65 | E5: =IF(D$4=0,0,D5/D$4) -> 0.86666667 | F5: =COUNTIFS(Tests!$D:$D,"BENIGN",Tests!$G:$G,"BENIGN") -> 71 | G5: =IF(F$4=0,0,F5/F$4) -> 0.94666667
A6: Flagged as MALICIOUS or SUSPICIOUS (false alarms) | B6: =B7+B8 -> 22 | C6: =IF(B$4=0,0,B6/B$4) -> 0.29333333 | D6: =D7+D8 -> 10 | E6: =IF(D$4=0,0,D6/D$4) -> 0.13333333 | F6: =F7+F8 -> 4 | G6: =IF(F$4=0,0,F6/F$4) -> 0.053333333
A7: ↳ of which flagged as SUSPICIOUS | B7: =COUNTIFS(Tests!$D:$D,"BENIGN",Tests!$E:$E,"SUSPICIOUS") -> 8 | C7: =IF(B$4=0,0,B7/B$4) -> 0.10666667 | D7: =COUNTIFS(Tests!$D:$D,"BENIGN",Tests!$F:$F,"SUSPICIOUS") -> 6 | E7: =IF(D$4=0,0,D7/D$4) -> 0.08 | F7: =COUNTIFS(Tests!$D:$D,"BENIGN",Tests!$G:$G,"SUSPICIOUS") -> 2 | G7: =IF(F$4=0,0,F7/F$4) -> 0.026666667
A8: ↳ of which flagged as MALICIOUS | B8: =COUNTIFS(Tests!$D:$D,"BENIGN",Tests!$E:$E,"MALICIOUS") -> 14 | C8: =IF(B$4=0,0,B8/B$4) -> 0.18666667 | D8: =COUNTIFS(Tests!$D:$D,"BENIGN",Tests!$F:$F,"MALICIOUS") -> 4 | E8: =IF(D$4=0,0,D8/D$4) -> 0.053333333 | F8: =COUNTIFS(Tests!$D:$D,"BENIGN",Tests!$G:$G,"MALICIOUS") -> 2 | G8: =IF(F$4=0,0,F8/F$4) -> 0.026666667
A11: MALICIOUS samples
A12: Metric | B12: Gemini | D12: Mistral | F12: Deepseek
B13: Count | C13: % | D13: Count | E13: % | F13: Count | G13: %
A14: Total MALICIOUS tests | B14: =COUNTIF(Tests!$D:$D,"MALICIOUS") -> 75 | C14: =IF(B$14=0,0,B14/B$14) -> 1 | D14: =COUNTIF(Tests!$D:$D,"MALICIOUS") -> 75 | E14: =IF(D$14=0,0,D14/D$14) -> 1 | F14: =COUNTIF(Tests!$D:$D,"MALICIOUS") -> 75 | G14: =IF(F$14=0,0,F14/F$14) -> 1
A15: Correctly flagged (as MALICIOUS) | B15: =COUNTIFS(Tests!$D:$D,"MALICIOUS",Tests!$E:$E,"MALICIOUS") -> 74 | C15: =IF(B$14=0,0,B15/B$14) -> 0.98666667 | D15: =COUNTIFS(Tests!$D:$D,"MALICIOUS",Tests!$F:$F,"MALICIOUS") -> 71 | E15: =IF(D$14=0,0,D15/D$14) -> 0.94666667 | F15: =COUNTIFS(Tests!$D:$D,"MALICIOUS",Tests!$G:$G,"MALICIOUS") -> 72 | G15: =IF(F$14=0,0,F15/F$14) -> 0.96
A16: Flagged as BENIGN or SUSPICIOUS | B16: =B17+B18 -> 1 | C16: =IF(B$14=0,0,B16/B$14) -> 0.013333333 | D16: =D17+D18 -> 4 | E16: =IF(D$14=0,0,D16/D$14) -> 0.053333333 | F16: =F17+F18 -> 3 | G16: =IF(F$14=0,0,F16/F$14) -> 0.04
A17: ↳ of which flagged as BENIGN (missed / False Negatives) | B17: =COUNTIFS(Tests!$D:$D,"MALICIOUS",Tests!$E:$E,"BENIGN") -> 0 | C17: =IF(B$14=0,0,B17/B$14) -> 0 | D17: =COUNTIFS(Tests!$D:$D,"MALICIOUS",Tests!$F:$F,"BENIGN") -> 4 | E17: =IF(D$14=0,0,D17/D$14) -> 0.053333333 | F17: =COUNTIFS(Tests!$D:$D,"MALICIOUS",Tests!$G:$G,"BENIGN") -> 2 | G17: =IF(F$14=0,0,F17/F$14) -> 0.026666667
A18: ↳ of which flagged as SUSPICIOUS | B18: =COUNTIFS(Tests!$D:$D,"MALICIOUS",Tests!$E:$E,"SUSPICIOUS") -> 1 | C18: =IF(B$14=0,0,B18/B$14) -> 0.013333333 | D18: =COUNTIFS(Tests!$D:$D,"MALICIOUS",Tests!$F:$F,"SUSPICIOUS") -> 0 | E18: =IF(D$14=0,0,D18/D$14) -> 0 | F18: =COUNTIFS(Tests!$D:$D,"MALICIOUS",Tests!$G:$G,"SUSPICIOUS") -> 1 | G18: =IF(F$14=0,0,F18/F$14) -> 0.013333333
A21: Model predictions (all tests)
A22: Prediction | B22: Gemini | D22: Mistral | F22: Deepseek
B23: Count | C23: % | D23: Count | E23: % | F23: Count | G23: %
A24: BENIGN | B24: =COUNTIF(Tests!$E:$E,"BENIGN") -> 53 | C24: =IF(B$27=0,0,B24/B$27) -> 0.35333333 | D24: =COUNTIF(Tests!$F:$F,"BENIGN") -> 69 | E24: =IF(D$27=0,0,D24/D$27) -> 0.46 | F24: =COUNTIF(Tests!$G:$G,"BENIGN") -> 73 | G24: =IF(F$27=0,0,F24/F$27) -> 0.48666667
A25: SUSPICIOUS | B25: =COUNTIF(Tests!$E:$E,"SUSPICIOUS") -> 9 | C25: =IF(B$27=0,0,B25/B$27) -> 0.06 | D25: =COUNTIF(Tests!$F:$F,"SUSPICIOUS") -> 6 | E25: =IF(D$27=0,0,D25/D$27) -> 0.04 | F25: =COUNTIF(Tests!$G:$G,"SUSPICIOUS") -> 3 | G25: =IF(F$27=0,0,F25/F$27) -> 0.02
A26: MALICIOUS | B26: =COUNTIF(Tests!$E:$E,"MALICIOUS") -> 88 | C26: =IF(B$27=0,0,B26/B$27) -> 0.58666667 | D26: =COUNTIF(Tests!$F:$F,"MALICIOUS") -> 75 | E26: =IF(D$27=0,0,D26/D$27) -> 0.5 | F26: =COUNTIF(Tests!$G:$G,"MALICIOUS") -> 74 | G26: =IF(F$27=0,0,F26/F$27) -> 0.49333333
A27: Total tests | B27: =SUM(B24:B26) -> 150 | C27: =IF(B$27=0,0,B27/B$27) -> 1 | D27: =SUM(D24:D26) -> 150 | E27: =IF(D$27=0,0,D27/D$27) -> 1 | F27: =SUM(F24:F26) -> 150 | G27: =IF(F$27=0,0,F27/F$27) -> 1
A29: All values are calculated from the Tests sheet (TYPE = ground truth; the model columns hold the pipeline verdicts).
